url_path,views_total,views_unique
/vikrg23/OpenROAD/tree/ffea9203af30dff60372eac131f9fe0a3737478c,17,10
/vikrg23/OpenROAD/tree/ffea9203af30dff60372eac131f9fe0a3737478c/src,9,5
/vikrg23/OpenROAD/tree/ffea9203af30dff60372eac131f9fe0a3737478c/src/rsz,9,3
/vikrg23/OpenROAD/blob/ffea9203af30dff60372eac131f9fe0a3737478c/src/rsz/src/RepairDesign.hh,7,1
/vikrg23/OpenROAD/blob/ffea9203af30dff60372eac131f9fe0a3737478c/src/rsz/src/RepairDesign.cc,6,3
/vikrg23/OpenROAD/blob/ffea9203af30dff60372eac131f9fe0a3737478c/src/rsz/src/Resizer.cc,5,2
/vikrg23/OpenROAD/tree/ffea9203af30dff60372eac131f9fe0a3737478c/src/rsz/src,5,2
/vikrg23/OpenROAD/tree/master/src/odb,5,1
/vikrg23/OpenROAD/tree/ffea9203af30dff60372eac131f9fe0a3737478c/src/odb,4,1
/vikrg23/OpenROAD/tree/master,3,2
